GROUP,PACKAGE,CLASS,INSTRUCTION_MISSED,INSTRUCTION_COVERED,BRANCH_MISSED,BRANCH_COVERED,LINE_MISSED,LINE_COVERED,COMPLEXITY_MISSED,COMPLEXITY_COVERED,METHOD_MISSED,METHOD_COVERED
War Card Game,org.rpk.game.war.card,CardTable,0,51,0,0,0,14,0,7,0,7
War Card Game,org.rpk.game.war.card,Deck,0,49,0,0,0,14,0,8,0,8
War Card Game,org.rpk.game.war.card,Rank,0,167,0,0,0,18,0,5,0,5
War Card Game,org.rpk.game.war.card,Suit,0,68,0,0,0,9,0,5,0,5
War Card Game,org.rpk.game.war.card,Dealer,0,47,0,0,0,13,0,3,0,3
War Card Game,org.rpk.game.war.card,Card,0,78,0,4,0,19,0,11,0,9
War Card Game,org.rpk.game.war,WarGameRunner,0,13,0,0,0,4,0,2,0,2
War Card Game,org.rpk.game.war,Rules.Result,0,48,0,0,0,4,0,4,0,4
War Card Game,org.rpk.game.war,GameSession,0,63,0,0,0,15,0,6,0,6
War Card Game,org.rpk.game.war,Player,0,81,0,2,0,21,0,10,0,9
War Card Game,org.rpk.game.war,Rules,0,93,0,12,0,18,0,15,0,9
War Card Game,org.rpk.game.war,WarGame.new Object() {...},3,23,0,0,0,1,0,1,0,1
War Card Game,org.rpk.game.war,WarGame,10,250,1,6,4,60,1,20,0,17
